dia,nome_arquivo,senha_criptografada
Sun Jun  9 22:39:22 2024,test1.txt,True
Sun Jun  9 22:39:22 2024,test2.txt,True
Sun Jun  9 22:39:22 2024,test3.txt,True
Sun Jun  9 22:39:22 2024,test4.txt,True
Sun Jun  9 22:39:22 2024,test5.txt,True
Sun Jun  9 22:39:22 2024,test6.txt,True
Sun Jun  9 22:39:22 2024,test7.txt,True
Sun Jun  9 22:39:22 2024,test8.txt,True
Sun Jun  9 22:39:22 2024,test9.txt,True
Sun Jun  9 22:39:22 2024,test1.txt,True
Sun Jun  9 22:39:22 2024,test2.txt,True
Sun Jun  9 22:39:22 2024,test3.txt,True
Sun Jun  9 22:39:22 2024,test4.txt,True
Sun Jun  9 22:39:22 2024,test5.txt,True
Sun Jun  9 22:39:22 2024,test6.txt,True
Sun Jun  9 22:39:22 2024,test7.txt,True
Sun Jun  9 22:39:22 2024,test8.txt,True
Sun Jun  9 22:39:22 2024,test9.txt,True
Sun Jun  9 22:39:22 2024,test0.txt,True
Sun Jun  9 22:39:22 2024,test1.txt,True
Sun Jun  9 22:39:22 2024,test2.txt,True
Sun Jun  9 22:39:22 2024,test3.txt,True
Sun Jun  9 22:39:22 2024,test4.txt,True
Sun Jun  9 22:39:22 2024,test5.txt,True
Sun Jun  9 22:39:22 2024,test6.txt,True
Sun Jun  9 22:39:22 2024,test7.txt,True
Sun Jun  9 22:39:22 2024,test0.txt,True
Sun Jun  9 22:39:22 2024,test1.txt,True
Sun Jun  9 22:39:22 2024,test2.txt,True
Sun Jun  9 22:39:22 2024,test3.txt,True
Sun Jun  9 22:39:22 2024,test4.txt,True
Sun Jun  9 22:39:22 2024,test5.txt,True
Sun Jun  9 22:39:22 2024,test6.txt,True
Sun Jun  9 22:39:22 2024,test7.txt,True
Sun Jun  9 22:39:22 2024,test8.txt,True
Sun Jun  9 22:39:22 2024,test9.txt,True
Sun Jun  9 22:39:22 2024,test0.txt,True
Sun Jun  9 22:39:22 2024,test1.txt,True
Sun Jun  9 22:39:22 2024,test2.txt,True
Sun Jun  9 22:39:22 2024,test3.txt,True
Sun Jun  9 22:39:22 2024,test4.txt,True
Sun Jun  9 22:39:22 2024,test5.txt,True
Sun Jun  9 22:39:22 2024,test6.txt,True
Sun Jun  9 22:39:22 2024,test7.txt,True
Sun Jun  9 22:39:22 2024,test8.txt,True
Sun Jun  9 22:39:22 2024,test9.txt,True
